"variable","coefficient","std_error","t_statistic","p_value","ci_lower_95","ci_upper_95"
"(Intercept)",-0.00335495768060712,0.0003503800335312,-9.57519652816738,1.01992617014554e-21,-0.00404170254632827,-0.00266821281488597
"noncore_ratio",0.0519502683666631,0.000412444342699521,125.957039504141,0,0.0511418774549721,0.0527586592783542
"income_ratio",0.170258102550493,0.00552271770762767,30.8286810161131,1.51997758378984e-208,0.159433575843542,0.181082629257443
"log_age",-0.000247421419663874,7.18390795281733e-05,-3.4441062063837,0.000572985892886932,-0.000388226015539094,-0.000106616823788655
"gdp_growth_3years",0.00351943732575155,0.00158259632213242,2.22383767517505,0.0261597022163502,0.000417548534372002,0.00662132611713109
"inf_cpi_3years",-0.000154957201696069,0.000745687681597196,-0.207804427403393,0.835381739164609,-0.00161650505762657,0.00130659065423444
"noncore_ratio:income_ratio",-4.28685799778599,0.0169597004082203,-252.767318679059,0,-4.3200990105861,-4.25361698498588
