"variable","coefficient","std_error","t_statistic","p_value","ci_lower_95","ci_upper_95"
"(Intercept)",-0.00672058476934778,0.00116204253415018,-5.78342407600651,7.33584465143938e-09,-0.00899818813628214,-0.00444298140241342
"noncore_ratio",0.0497742148709502,0.00268558073451903,18.533873970415,1.37534205959403e-76,0.0445104766312929,0.0550379531106075
"income_ratio",0.280299141637152,0.0569974626601808,4.91774771288149,8.76497982569805e-07,0.168584114823198,0.392014168451107
"log_age",0.000335981781300435,0.000237279155990969,1.41597680545198,0.156784637965005,-0.000129085364441864,0.000801048927042735
"gdp_growth_3years",0.00560113465390087,0.00404954966983136,1.38315000693253,0.166621197476168,-0.0023359826989686,0.0135382520067703
"inf_cpi_3years",0.00942308077978391,0.00178701713014111,5.27307803649305,1.34363462689963e-07,0.00592052720470734,0.0129256343548605
"noncore_ratio:income_ratio",-4.52603250659025,0.271669621893514,-16.6600611251423,2.95874766665317e-62,-5.05850496550154,-3.99356004767896
