"variable","coefficient","std_error","t_statistic","p_value","ci_lower_95","ci_upper_95"
"(Intercept)",-0.000797576266655675,0.00187813059780855,-0.424664966103159,0.671081613445193,-0.00447871223836044,0.00288355970504909
"noncore_ratio",0.0401576421119516,0.00231455240079147,17.3500682456873,2.33804609078774e-67,0.0356211194064003,0.0446941648175029
"income_ratio",0.0469882072504412,0.0190097738381198,2.47179201870445,0.0134450127498413,0.0097290505277263,0.0842473639731561
"log_age",-0.00100692952008893,0.000430151302064733,-2.34087288648356,0.0192401854098762,-0.00185002607213581,-0.000163832968042055
"gdp_growth_3years",0.0245265121821996,0.0045555938424004,5.38382327983749,7.30432035470722e-08,0.0155975482510948,0.0334554761133044
"inf_cpi_3years",0.00756816160210632,0.0026431015353989,2.8633639308768,0.00419234326795819,0.00238768259272447,0.0127486406114882
"noncore_ratio:income_ratio",-3.23097045620386,0.309674910563708,-10.4334266225264,1.78481376044507e-25,-3.83793328090873,-2.62400763149899
