term,estimate_pre,se_pre,estimate_post,se_post,change,pct_change,se_diff,z_stat,p_value_coef
(Intercept),-0.005785567827707804,3.605304925897833e-4,-0.0031274862603554027,6.710060678381984e-4,0.0026580815673524017,-45.94331354344371,7.61729203301746e-4,3.4895361183880564,4.8385966639928054e-4
income_ratio,0.42711225104162287,0.011672530773249248,0.10509592145274985,0.00636120366559822,-0.32201632958887305,-75.39384056616348,0.013293339938768998,-24.223884371581992,1.2465285748991123e-129
noncore_ratio,0.060454682384374514,4.780685148260142e-4,0.04542386343911776,8.463351711478208e-4,-0.015030818945256756,-24.862952466923737,9.720250648978976e-4,-15.463406745417217,6.127053699768619e-54
log_age,5.553989659189426e-6,8.461120994040137e-5,-5.686252284516144e-4,1.3734274578545855e-4,-5.741792181108038e-4,-10338.139848006165,1.6131362827569086e-4,-3.5593968361402832,3.717075099011698e-4
income_ratio:noncore_ratio,-5.374429498495627,0.028067324739921205,-3.1493837951075707,0.024906087824227482,2.2250457033880564,-41.40059338411408,0.037524497715017126,59.29581577044278,0
