noncore_percentile,noncore_value,marginal_effect,interpretation,effect_magnitude
P10,0.14858112837480306,-0.36284307650965253,Higher income DECREASES failure risk,0.36284307650965253
P25,0.24776746861044366,-0.6752189291438051,Higher income DECREASES failure risk,0.6752189291438051
P50,0.3683741119574111,-1.0550555372830628,Higher income DECREASES failure risk,1.0550555372830628
P75,0.4786365692974308,-1.4023143336384607,Higher income DECREASES failure risk,1.4023143336384607
P90,0.5690813186325046,-1.6871595615469082,Higher income DECREASES failure risk,1.6871595615469082
