failure_status,n,m1_mean,m1_median,m1_p10,m1_p90,m2_mean,m2_median,m2_p10,m2_p90,m3_mean,m3_median,m3_p10,m3_p90
Failed,489,0.023742551242433622,0.022696330707442827,0.009717990554470113,0.03765700536912738,0.013392211193371075,0.013706558025118235,0.005500689876755626,0.02120108230735523,0.11707514591010516,0.10546237039797356,0.026586401304036653,0.2024129254790774
Survived,157975,0.0036527094440339226,0.002286154257959567,0,0.00920743736928787,0.004017278453484637,0.0027620292843467988,0,0.010332019268792788,0.005131979600254393,4.7823840302394643e-4,0,0.013058985393895498
