model,mean_diff,median_diff,pooled_sd,cohens_d,interpretation
Model 1,0.0200898417983997,0.020410176449483258,0.004938783385720978,4.067771398211855,Large effect
Model 2,0.00937493273988644,0.010944528740771436,0.004510103387239259,2.07865140440274,Large effect
Model 3,0.11194316630985077,0.1049841319949496,0.015751648712067582,7.106758686415434,Large effect
