"variable","coefficient","std_error","t_statistic","p_value","ci_lower_95","ci_upper_95"
"(Intercept)",-0.00859592862053522,0.00153265719064977,-5.60851354952438,2.04475596160268e-08,-0.0115999367142088,-0.00559192052686167
"noncore_ratio",0.0697348262586767,0.00420130069927893,16.5983897012288,8.26377757334746e-62,0.06150027688809,0.0779693756292634
"income_ratio",0.953287332742732,0.151392624311569,6.29678848013659,3.04819932732343e-10,0.656557789092057,1.25001687639341
"log_age",-0.000310667146396023,0.000189716836583283,-1.63753071151197,0.101521993952534,-0.000682512146099258,6.11778533072119e-05
"gdp_growth_3years",-0.00198283363225408,0.00398988934791416,-0.496964567022559,0.6192148601156,-0.00980301675416583,0.00583734948965767
"inf_cpi_3years",-0.00354522646036022,0.00143443180432092,-2.47151969837881,0.0134552570439417,-0.00635671279682923,-0.000733740123891211
"noncore_ratio:income_ratio",-6.50224742607505,0.439318488872016,-14.8007597922183,1.58629840532607e-49,-7.3633116642642,-5.6411831878859
