"variable","coefficient","std_error","t_statistic","p_value","ci_lower_95","ci_upper_95"
"(Intercept)",-0.00583224044673505,0.00129956208651368,-4.48785056694069,7.20056222807972e-06,-0.00837938213630187,-0.00328509875716823
"noncore_ratio",0.0769049549756874,0.00375896913138506,20.4590546736813,6.94302944023862e-93,0.0695373754781727,0.0842725344732022
"income_ratio",0.674861816846088,0.0998075335826532,6.76163203940129,1.37006532429591e-11,0.479239051024088,0.870484582668088
"log_age",-0.000715151378571255,0.000208644753901685,-3.42760297202699,0.000609119643043406,-0.00112409509621856,-0.000306207660923952
"gdp_growth_3years",0.0022857134003834,0.00416389762335499,0.548936022721358,0.583050277928836,-0.00587552594139238,0.0104469527421592
"inf_cpi_3years",-0.0214096806135463,0.00179523174052703,-11.925859002059,9.01948849963031e-33,-0.0249283348249793,-0.0178910264021133
"noncore_ratio:income_ratio",-5.92024795233622,0.36094992350873,-16.4018540156112,2.1271035441969e-60,-6.62770980241334,-5.21278610225911
