"variable","coefficient","std_error","z_statistic","p_value","ci_lower_95","ci_upper_95"
"(Intercept)",-8.20906925924085,0.150487064958567,-54.5499991079035,0,-8.50402390655965,-7.91411461192206
"noncore_ratio",6.38691370611185,0.189051963702135,33.7839056576789,3.39900378566262e-250,6.01637185725567,6.75745555496804
"income_ratio",-18.2496713217604,0.985870760124935,-18.5112208008357,1.67657590124992e-76,-20.1819780116053,-16.3173646319155
"log_age",-0.172716105058743,0.0229734279509417,-7.51808156046923,5.55858245891027e-14,-0.217744023842589,-0.127688186274898
"gdp_growth_3years",2.66095952518115,0.563656962959401,4.72088468704469,2.34821043606798e-06,1.55619187778072,3.76572717258158
"inf_cpi_3years",-0.765474718874079,0.332256556862415,-2.30386640403023,0.021230144124304,-1.41669757032441,-0.114251867423745
"noncore_ratio:income_ratio",-69.4168828522982,2.34274092742428,-29.6306271170233,6.02643505372644e-193,-74.0086550700498,-64.8251106345466
