"variable","coefficient","std_error","t_statistic","p_value","ci_lower_95","ci_upper_95"
"(Intercept)",-0.00663501200336666,0.00138756566655788,-4.78176432530655,1.73948935131328e-06,-0.0093546407098201,-0.00391538329691322
"noncore_ratio",0.0573321315416803,0.00383209380309651,14.9610459679649,1.45076441333178e-50,0.0498212276876111,0.0648430353957494
"income_ratio",0.382345148293328,0.0915505259514554,4.17632934731654,2.96439372592032e-05,0.202906117428475,0.561784179158181
"log_age",0.00019161728805388,0.000239615368639859,0.799686969753096,0.423893613063106,-0.000278028834480244,0.000661263410588004
"gdp_growth_3years",0.00109380796746448,0.00402226334647053,0.27193842701132,0.785669786001221,-0.00678982819161776,0.00897744412654673
"inf_cpi_3years",0.0044742965505496,0.00176254318144908,2.53854577728475,0.0111325543936909,0.0010197119149094,0.0079288811861898
"noncore_ratio:income_ratio",-5.13242777326124,0.420894046601746,-12.1941087423305,3.48508436901626e-34,-5.95738010460066,-4.30747544192181
